,right hip flexion,right knee flexion,right ankle flexion,left hip flexion,left knee flexion,left ankle flexion
0,-15.506666666666668,0.165272,81.80000000000001,11.146666666666667,-2.0146133333333336,
1,-12.174240849168411,0.18380889963291863,79.45899940432761,13.139747569908065,-2.0860070044566905,
2,-8.40507657171127,0.22007550577241886,77.96352489761276,17.649005976080815,-2.203766504977596,
3,-4.244343880566686,0.2597084681040862,77.45885809535838,20.79842985647798,-2.3138658334432822,
4,0.649675733471787,0.2986900422486974,78.15938760708873,22.293968916271613,-2.398238882246262,
5,5.9048062550078955,0.3346220949772638,79.19329456819456,23.232177146197984,-2.449546625471009,
6,10.50952334805293,0.36558310924261495,79.2710208769084,23.84405431143669,-2.4719348732171973,
7,14.83323409399803,0.3875294290092576,78.704047751588,24.32000010521684,-2.485938618107605,
8,18.624579152266644,0.4011740328430448,77.11489077569226,24.16902081826994,-2.4949567060448685,
9,21.133935875412124,0.40790731613093445,73.42627426255044,23.03011563841541,-2.4944284901159905,
10,22.34519804657684,0.40567118589147344,67.38513398963126,19.248185539901495,-2.4813015761452912,
11,22.197817546394106,0.39042318221212785,58.80820794139923,12.929858406235658,-2.4368795750816146,
12,20.724332538253492,0.35967605824444226,48.08533956378734,5.548641400246895,-2.326620550255742,
13,18.050160613357125,0.31312805846752073,35.66315543104192,-4.6515840296055275,-2.107124288642884,
14,14.454927355965292,0.2478333264853127,21.83383339696366,-17.227068678471007,-1.7374708098719789,
15,10.492597033368197,0.16758561497847066,7.731525765548841,-29.62888231073743,-1.2309479979288982,
16,7.262311955436142,0.08746294664347971,-4.286949789148092,-40.50875221340143,-0.7038550498297734,
17,7.10093500124757,0.045260792150799645,-8.756086071244383,-47.67886386444357,-0.47539974950895725,
18,8.218384228276804,0.02844303610433107,-9.01605066901654,-51.01412081725857,-0.4310333897181501,
19,9.271529642874077,0.02606224934635698,-7.6988663084271005,-51.99172844139069,-0.4619924124019939,
20,9.935970529448705,0.03003467561344006,-6.050033415628921,-50.913201690241685,-0.5139686062505298,
21,10.076310030749562,0.03724478581405009,-4.581822122649558,-48.454291451847546,-0.5629191519844575,
22,9.961643133002537,0.04465161255347558,-3.427969295090217,-45.79896288927809,-0.6017059693487831,
23,9.770763082822285,0.04999814766105846,-2.578529424956423,-42.40636547447075,-0.6300149705064276,
24,9.542342521776087,0.05296436780501778,-1.9799823737831592,-38.15640008844899,-0.6495182464221346,
25,8.960040394565569,0.05435732294082006,-1.5862116076889623,-33.11925476318881,-0.6615755759136551,
26,7.91734786165003,0.0557749415616765,-1.4349909169700101,-27.271638619924946,-0.6634941823142382,
27,6.866197166643071,0.054876388884294795,-1.3153635861968667,-21.260554305055017,-0.6655367716968862,
28,6.0668740504362795,0.054782577128698134,-1.2692734778165802,-17.280440963946422,-0.6648758342422856,
29,5.44632844563625,0.054157741411043715,-1.203416543729181,-15.813326610199736,-0.6660683766742768,
30,4.721601497837607,0.053128330642209384,-1.1640418685696772,-15.155364417524842,-0.6666485426827358,
31,4.048180143685864,0.05209972210863801,-1.140221256837464,-14.69239194402442,-0.666917209439954,
32,3.445148477354825,0.05110158551851712,-1.1350383164905036,-14.147694644921119,-0.6665920200393188,
33,2.890911085562537,0.050039271319493456,-1.145970653960047,-13.42985715385632,-0.665711289701048,
34,2.3749786391280514,0.04903829849334691,-1.1746678794018357,-12.569524338327282,-0.6641092374786832,
35,1.9278538597177242,0.047899584059667946,-1.20301912463709,-11.636383401942075,-0.6626471546686117,
36,1.614429964172021,0.04688067545572506,-1.2456991615502269,-10.815234330506811,-0.6605413948354356,
37,1.3973432376384844,0.045819600857079694,-1.296729286072071,-10.069468785217326,-0.658090205028281,
38,1.2435610905382781,0.044748447186679294,-1.3454743630898243,-9.313990255867537,-0.6558092803300606,
39,1.0890509084444777,0.043885358513587526,-1.391618348225126,-8.437697431509706,-0.6536905287330397,
40,0.872235376185144,0.04313908181704948,-1.4291131085948123,-7.312521756467166,-0.6520161409362555,
41,0.6062996609818146,0.04254851817022546,-1.4506633822657773,-5.980872908673009,-0.6511059000209002,
42,0.25615910396019975,0.04227385202099334,-1.4733738054267849,-4.59722041641149,-0.6500813140678657,
43,-0.09714860561645969,0.04208048238522161,-1.4850713517975798,-3.3470779429800475,-0.6495531699622001,
44,-0.4056277274204254,0.0420545116721303,-1.49643644593874,-2.309109917126472,-0.649005194786471,
45,-0.6563285088687819,0.04193674252838525,-1.5007067316534453,-1.4100575693111073,-0.6488124717176104,
46,-0.8905754722683289,0.041781991938574736,-1.5081384575317696,-0.5641963905674726,-0.6484747430794785,
47,-1.0821009428448995,0.0416004531672342,-1.5114291184397144,0.20991498920317284,-0.6483403498976663,
48,-1.223749270102714,0.0415188247988948,-1.5164740327020008,0.9056281637994729,-0.6481079721646358,
49,-1.3620140477461877,0.04128730363636898,-1.5175222741359178,1.5935662003838482,-0.6480948570046684,
50,-1.5608912018487064,0.04109571017137628,-1.5293432160349796,2.2821719727195333,-0.6475500016182966,
51,-1.7602350690810349,0.04097561890051002,-1.5385493763748868,2.8693471925959155,-0.6471153904349505,
52,-1.943774790954947,0.040851959078627376,-1.5445852442756056,3.3481483430491785,-0.6468349719136633,
53,-2.1255130617526397,0.040704510605171516,-1.550455616208572,3.7752530045278667,-0.646574538499617,
54,-2.258717810556986,0.04054668833627457,-1.550713146814459,4.214687651099514,-0.6466027661662527,
55,-2.3514855054499826,0.04041660246515027,-1.55357166307243,4.664068303212298,-0.6465186413074502,
56,-2.430978804268423,0.04027958458736575,-1.5591807210885902,5.143008371363409,-0.6463416744285412,
57,-2.534364241404589,0.04010151760863917,-1.566944977872676,5.660332551438051,-0.6461313583729136,
58,-2.673728486368919,0.03988534213567555,-1.5770035925894628,6.1806010551016115,-0.6458570883035101,
59,-2.847329799600331,0.03961638689477251,-1.5841296856269012,6.687023985992589,-0.6457515229523287,
60,-3.0242525847895885,0.03943046639867631,-1.5969614142032431,7.1672363623886,-0.6453426461647112,
61,-3.1712882301055623,0.03904880091598765,-1.6163574282629014,7.5076246079222155,-0.6445835596916067,
62,-3.292301585831564,0.038451546034189606,-1.6404390096366384,7.668148907194535,-0.6435597664725441,
63,-3.39048336962341,0.03784897290298184,-1.6601953292589435,7.845308918825883,-0.6426881826213626,
64,-3.4164507393967924,0.03728750227593584,-1.6800394556425984,8.079971431918356,-0.641747199765064,
65,-3.329105381585263,0.036759417663321185,-1.7024710309591315,8.203511154979246,-0.6406415473457884,
66,-3.1223053556842872,0.03622999949646202,-1.714593944737399,8.298804836024626,-0.6400367099840971,
67,-2.839718532910141,0.035923506472844154,-1.732356452852481,8.42390995284011,-0.6391532710391638,
68,-2.5201189697068545,0.0356002519275376,-1.7523052890311255,8.579403533902488,-0.6381769615311719,
69,-2.245689779788969,0.03517910890617375,-1.7816514094925069,8.590276217233257,-0.6367227054603468,
70,-2.064947094894366,0.034815349868793574,-1.814295098169135,8.60922079985612,-0.635068142168838,
71,-1.9898575958270557,0.03437110521290286,-1.8363154566284592,8.630870503415544,-0.6339126685129398,
72,-2.080830758306029,0.03401981623791599,-1.8678917360692255,8.646831614840437,-0.6322634799427911,
73,-2.38533772800362,0.03356934744322688,-1.9146527105164035,8.456976651357039,-0.6298537638301868,
74,-2.7886007525020626,0.03273006424294749,-1.9488624488148332,7.639454355629797,-0.6280704984629113,
75,-3.2900371143907035,0.032052959643411205,-1.9812218540823527,6.425136598468363,-0.6263823338596263,
76,-3.7882690258043863,0.03156154091890287,-2.0073271015906706,4.802563830375689,-0.6250072628336824,
77,-4.198284010514627,0.03126083666371503,-2.025964072936223,2.846170557799226,-0.6240168701230182,
78,-4.516506588563983,0.03075761949939302,-2.0301058549082422,0.9262242047994259,-0.6238141776928268,
79,-4.740626556997989,0.02995239682905685,-2.039526767807762,-0.6059060493836762,-0.6234288413363231,
80,-4.825814109261372,0.029187303485702504,-2.0615990273668494,-2.0930322098123115,-0.6224326067934777,
81,-4.777062636048547,0.028494571669733584,-2.0911732180656397,-3.6116398432659755,-0.6210956004596669,
82,-4.661957101470264,0.027904206752425224,-2.132444053547421,-5.1503898551592595,-0.6192246111203471,
83,-4.526117350146052,0.027214875482675257,-2.170420713042967,-6.706264124562411,-0.6175573542501874,
84,-4.390239098280619,0.026560163974452627,-2.203220928635541,-8.289911203614041,-0.6161434857073521,
85,-4.260995611335028,0.02602390272687452,-2.2360573892027333,-9.810534064473394,-0.6147139088377159,
86,-4.109919248949387,0.02555763166820348,-2.2554763387324086,-11.333804599090676,-0.6139324973127165,
87,-3.96376729393533,0.025726929867963207,-2.2743710503140058,-12.966108031762115,-0.6131561633748891,
88,-3.866359545772794,0.02645099290824706,-2.275048327405111,-14.757552777957645,-0.6132708116309175,
89,-3.78559734470165,0.027658874205270027,-2.2647001312311184,-16.718562412133195,-0.6138881826827114,
90,-3.769740676811279,0.029016714112581044,-2.2529986921070173,-18.836779468114116,-0.6145615970642323,
91,-3.7984335872547885,0.03032963087445842,-2.2356863755732097,-21.084827973083602,-0.6155026263965016,
92,-3.8063642405914324,0.03163259067959918,-2.2123459296233947,-23.438097675828722,-0.6167243321529614,
93,-3.838580648292345,0.03273992608271938,-2.1855807093531916,-25.839690189268428,-0.6181234894234018,
94,-4.0802367838403795,0.03357331136448529,-2.1769733915904363,-28.250831070901338,-0.618598638407298,
95,-4.550127523764602,0.034227632635950175,-2.170143979067914,-30.621326951455764,-0.6188798875141401,
96,-5.094707710047566,0.035088482577796586,-2.153091932757925,-32.88985756241178,-0.6195535065509481,
97,-5.687409647675465,0.03603351538567242,-2.106182945199465,-35.08221772984268,-0.6216373338367959,
98,-6.325207569047814,0.03709603389995249,-2.06129756628463,-37.21752197013451,-0.6235850961424966,
99,-7.146964165622851,0.03791708505117555,-2.0334106598433093,-39.2795907791436,-0.6247086995500621,
100,-7.984069988777265,0.038704274039029984,-2.0010482700043095,-41.31889639883589,-0.6260613039293921,
101,-8.647542771859387,0.03973430879836355,-1.9657200330485767,-43.3553677230731,-0.6275805462071935,
102,-9.181068337990553,0.040541287547871674,-1.922560732053801,-45.26605511739393,-0.6295738714968658,
103,-9.909434447904815,0.0405792090305174,-1.888238689578063,-46.79527163413357,-0.6312998059170598,
104,-10.836062083052568,0.0403606146041612,-1.856151176631935,-47.641141082728225,-0.633049710438768,
105,-11.833406232399026,0.040367576967846056,-1.8242371303503637,-48.01777266146132,-0.6348223784700174,
106,-12.761247499514315,0.04075140162256264,-1.793341588867254,-48.203740815909214,-0.6365323485533203,
107,-13.539070484556166,0.04126853004513906,-1.7621286710731692,-48.30496685383633,-0.6382441789465881,
108,-14.127197643996947,0.04180565720595042,-1.746169762397561,-48.350576375414114,-0.6391797984524278,
109,-14.546270424938719,0.042020156470775394,-1.7504282454762485,-48.34268112053462,-0.6391047024657709,
110,-14.9190321700269,0.04155407180332189,-1.764066518028817,-48.27637459643794,-0.6385539192250244,
111,-15.255623904983796,0.04068035043667414,-1.7814087260222173,-48.1691767719124,-0.6378010259494219,
112,-15.686426949001525,0.039831874136106206,-1.809415324366931,-48.02060248682334,-0.6364809711898194,
113,-16.166056383988607,0.03866603082994987,-1.819211225842725,-47.835390544274546,-0.636066314380582,
114,-16.56110749869786,0.038111541590235186,-1.8426846316050656,-47.68106513397907,-0.6349124533048764,
115,-16.729176230240586,0.038126253634100465,-1.8200600415393606,-47.622476534724775,-0.635930891551361,
116,-16.665298967468864,0.03911562323478327,-1.7690630195260135,-47.69783404073651,-0.6383049269518545,
117,-16.39350542931904,0.04075707112745903,-1.7094586790265152,-47.86791004765192,-0.6411203129784985,
118,-15.899214747439368,0.04242647883177311,-1.6350053846566823,-48.101165741214146,-0.6447137124342753,
119,-15.168990451224545,0.04421112498364898,-1.5695120814855434,-48.40957519893627,-0.647876663836174,
120,-14.203552193091545,0.04563292431750922,-1.5074413285713397,-48.7132130253687,-0.650889647785219,
121,-13.023134427961306,0.04671789703055081,-1.4556789766221758,-48.97263798349883,-0.6533978174049783,
122,-11.667630702201365,0.04782277024525752,-1.4119655617592597,-49.2207076256211,-0.6554866446236429,
123,-10.158337833609334,0.04902343770924337,-1.3645281019854474,-49.49627604813189,-0.6577442391077983,
124,-8.590886038493885,0.05047556662814568,-1.313602275680152,-49.80297983376395,-0.6601679024233263,
125,-7.21320012205555,0.05200902611448018,-1.2495092976988436,-50.00273574146589,-0.6632567600309702,
126,-5.948291185083584,0.05291030192336605,-1.1297785269041885,-49.92061107078246,-0.6690459705177875,
127,-4.55460066619967,0.05300587254608399,-0.954569113157676,-49.637457518640794,-0.6773824103028921,
128,-2.83103247227938,0.05352616341731907,-0.6065357527444714,-49.294645095839115,-0.6939246220038748,
129,-0.6224132094541177,0.05743673261227664,0.3080246873649255,-48.98188289263668,-0.7378147240163172,
130,2.047753079807113,0.0655251198742805,1.9093128613379715,-48.707698302696706,-0.8146807416852097,
131,5.0303745855877136,0.07802906840000846,4.244425430991328,-48.41573468047768,-0.9259203233923677,
132,8.058973584959341,0.0960352432622513,7.545673549578928,-47.87826862068439,-1.0808334522011305,
133,10.75281524395395,0.11763688689246199,11.532163454191666,-46.6641356300636,-1.263195003945073,
134,12.753713838618486,0.13993187428237286,15.643920056776063,-45.370134599395094,-1.4441333102535596,
135,13.284418446161109,0.15732000219728987,18.458472315599277,-45.1286597425573,-1.5609708910773228,
136,11.375809539756808,0.16198068610332533,18.32046957142615,-46.501173279412136,-1.5487073980586121,
137,7.2774682389288285,0.15373093805139057,16.012797071110345,-47.780893899675426,-1.446096663305429,
138,1.3563464735633604,0.13374106887354667,11.682084862281249,-48.315336510758506,-1.2572307292541827,
139,-5.521860955379658,0.10802001167830967,6.492350877019816,-48.74258764468203,-1.026049216636051,
140,-12.76407058446502,0.08047011384388747,1.3335869569413692,-49.18014936629312,-0.7882934760381907,
141,-19.807672217066926,0.05770908650047442,-2.534420899622034,-49.57021143128408,-0.6048267948128143,
142,-25.94734929067091,0.04787356928337815,-3.5432920790488063,-49.824599590888305,-0.5564094655485982,
143,-31.63194717394758,0.04339888073116037,-3.3355888814531713,-49.99135632575672,-0.5664689696445614,
144,-36.760224967054654,0.04271639058739377,-2.4645585149906184,-50.06680556290946,-0.6088958107914746,
145,-38.93673919486472,0.051856720566138034,-0.28579796721957046,-50.057709656067395,-0.7152712630310967,
146,-39.31580945054859,0.05791348209786835,0.7962547612670766,-50.028419225878125,-0.7671588633395391,
147,-38.98890105282401,0.060970834007470776,1.0717723757467246,-49.94624347173083,-0.7790446800611426,
148,-38.45157785991654,0.06181196638120021,0.8810539164726695,-49.82887580237268,-0.7681519528275026,
149,-37.91638034158546,0.06157730774341991,0.4650820906653817,-49.760159101728235,-0.7465660641813457,
150,-37.45784133195224,0.06193693086742215,0.059392392869755194,-49.82308410891302,-0.725842429962692,
151,-37.09324524917468,0.06338113555271623,-0.18375194838782982,-49.96075706863143,-0.7134165863488413,
152,-36.81922363162829,0.06545419295276156,-0.2519521477259227,-50.087710100906506,-0.7098264935020318,
153,-36.61696480571883,0.06679686713441936,-0.2723191963185454,-50.117121048436296,-0.7087726624297085,
154,-36.46567997260841,0.06709042636973792,-0.2956286589225896,-50.02575356264312,-0.7076769304019804,
155,-36.34978462665623,0.0667457860242762,-0.253331812324126,-49.82516609783571,-0.7098397454309013,
156,-36.2857697518596,0.06853306704886288,0.18918104163982719,-49.67834639727283,-0.7313321749553824,
157,-36.30084124216476,0.07523564957924299,1.477946209601568,-49.65921109274802,-0.7936571786521296,
158,-36.35372763349303,0.08263391339673505,2.7692397664434454,-49.63830375773541,-0.8555296008600981,
159,-36.405978510014045,0.08986440501466639,3.8062880101589744,-49.66184934568228,-0.9043387387424218,
160,-36.43783838637776,0.0964799876411722,4.549830579354274,-49.74614518239119,-0.9384320634886673,
161,-36.442938932446445,0.10218439841556991,5.043591088581253,-49.85572087567564,-0.9602919552716861,
162,-36.43171155120084,0.10738161841690781,5.460891463082674,-49.966916093504445,-0.9784337156281707,
163,-36.41308381692309,0.1117937903944834,5.866896354137975,-50.04259805358384,-0.9960419283144591,
164,-36.39651715762755,0.11550414030970671,6.3254930512356,-50.05962772865289,-1.0161221613130362,
165,-36.38490147187382,0.11904350841070159,6.8813642598903515,-50.02893629763747,-1.0406957460653834,
166,-36.32644453165021,0.12267575252904078,7.496405655803461,-49.97853985077431,-1.0679081100502208,
167,-35.72978258140904,0.12426847740325071,7.522543490797831,-49.992925203038666,-1.0681153688985292,
168,-35.384544880878444,0.12098146949989164,6.703332528855033,-50.104061970205805,-1.0296166482581761,
169,-35.2243005757339,0.11394007872258316,5.223815212829811,-50.32541324153216,-0.9607458603858495,
170,-35.19580739302016,0.10362407630643306,3.2907896451483873,-50.52018018356775,-0.870559704930012,
171,-35.26643880158035,0.09179051919445153,1.2963275886984018,-50.64483539825865,-0.7768545869730067,
172,-35.38267542999474,0.08022332477729506,-0.4021917586386456,-50.72251564321399,-0.6966418355837988,
173,-35.465197431841496,0.07520838803799605,-0.4689514539810702,-50.73749416376139,-0.6952877552120874,
174,-35.56550787298485,0.07484513559101731,0.167702379529964,-50.75899235873591,-0.7279394502185532,
175,-35.70862649630772,0.07385535104530216,-0.08708375344530556,-51.00784847146144,-0.7165846653588546,
176,-35.816704680805096,0.07698391345913501,-0.25459927889730316,-51.538671212283944,-0.7088975056633303,
177,-35.8827327838477,0.08356115188630397,0.11868329259510567,-52.12031258191765,-0.727418816256579,
178,-35.944131984811634,0.08972059191091805,0.286717261402791,-52.68091932782107,-0.7358154141665738,
179,-35.98885449133235,0.09580987824999343,0.48542606684437306,-53.16069948310894,-0.7455321456731379,
180,-36.01661812551423,0.10186908957081581,0.78591075747738,-53.54499534275516,-0.7600604297538394,
181,-36.033263684488205,0.10803266396462775,1.217814378168833,-53.83915785041418,-0.7808418299107327,
182,-36.043455037186185,0.11424274823063901,1.75339996260861,-54.05669277830366,-0.8064845422485686,
183,-36.04938246156863,0.12017111954248975,2.312269638369924,-54.21389908708078,-0.8330434649647391,
184,-36.06389534858218,0.12459307362606556,2.6552706887540385,-54.323163529202915,-0.8490759454425931,
185,-36.0978293079999,0.12567935865473054,2.539414203016543,-54.35130518145492,-0.8430713909138016,
186,-36.14812869323448,0.12217814471413911,1.9309114633866853,-54.21997853118417,-0.8135442024848677,
187,-36.195171642764564,0.115841675027656,1.1313377138897263,-53.970345646270374,-0.7749243527845188,
188,-36.213543091695186,0.10999490483875278,0.8664742537389225,-53.62375527748912,-0.7623922641226517,
189,-36.22784851472765,0.10581917010764594,0.9595373462434796,-53.26223131726661,-0.7672958207488777,
190,-36.24884279331581,0.10132997308370746,0.7635946552831104,-52.94915286138504,-0.7580149233028145,
191,-36.26464867320351,0.09668927308522106,0.44733674197136186,-52.676325040392165,-0.7428016184877572,
192,-36.26423078457507,0.09454007604350056,0.6317993682518753,-52.41543677568561,-0.7519040053967735,
193,-36.28976057035433,0.10058675770208743,2.01159218351422,-52.096037292904604,-0.8185611885165859,
194,-36.3515427304273,0.10890874337696847,3.6182122846607774,-51.66182710021484,-0.8953929618337871,
195,-36.42332252320372,0.11512709977900949,4.690288705483658,-51.229576072914924,-0.9456086746364414,
196,-36.46848003572216,0.11731959705312349,4.938320340607828,-50.86145124584963,-0.956060416522368,
197,-36.506293258081854,0.11548096184779054,4.475560543082808,-50.57304904988688,-0.9328390901718767,
198,-36.558535326437266,0.11021820594847784,3.528158739558224,-50.358240744607286,-0.8869676484009326,
199,-36.55992971495281,0.10221548549700857,2.225379967510748,-50.21324567111587,-0.8245285290522294,
200,-36.518734534485354,0.09251183315257476,0.7451916621825735,-50.125866846891675,-0.7537119810451562,
201,-36.444668627243836,0.08434559378898278,-0.08795079286333807,-50.02940858960673,-0.7143187762044549,
202,-36.354295268792185,0.08157440426334156,0.319683289857853,-49.90117513686084,-0.735324627088847,
203,-36.31932847437376,0.0799134933470745,0.4479266718932002,-49.84564940226021,-0.7424115783956838,
204,-36.31233871873133,0.07835136411952287,0.3014033018610741,-49.82995574142915,-0.7356981349677622,
205,-36.326426234439744,0.07638763292218824,0.030980654640944672,-49.8225351579025,-0.7227600758504723,
206,-36.36391044038104,0.07436707016704543,-0.01133951186251355,-49.782292743457894,-0.7209179052196875,
207,-36.417757117319155,0.07367119910199514,0.155672522429829,-49.737716654919225,-0.7292714466171276,
208,-36.48166508528801,0.0735439625516555,0.27081673763112546,-49.70452554600478,-0.7349463581103259,
209,-36.5505118875709,0.07479074662558738,0.5934414159182634,-49.65913054503516,-0.7505381455841077,
210,-36.63941987590575,0.07924585361130683,1.5804035308064093,-49.56591288308291,-0.7980505307505561,
211,-36.72273026211783,0.08909732651516353,3.7145568134841778,-49.41413557279966,-0.9000294769877855,
212,-36.70972015403225,0.10298248134898896,6.565971796300765,-49.24268028286,-1.0344732123552036,
213,-36.65774340578252,0.11929259236545625,9.818507218966914,-49.07508663651157,-1.1842546436572257,
214,-36.605653501945916,0.13731653343678044,13.339837865183188,-48.909110429955454,-1.3410878002675222,
215,-36.56136256035782,0.1561580081488622,16.96490291542644,-48.73569761139327,-1.4955918104925432,
216,-36.523319504378264,0.17514382896718345,20.549210159669897,-48.55328732122279,-1.6400961887376886,
217,-36.4947243801897,0.1939322017361311,23.980578346933275,-48.37444684770013,-1.7694027615521335,
218,-36.469914506118435,0.21244523311186517,27.201524631840147,-48.21421396460062,-1.8815868632344375,
219,-36.44037845111899,0.22994138458441002,30.110073230645483,-48.070211622709564,-1.9741406185633352,
220,-36.403812052035775,0.24591411208165803,32.66409735105633,-47.944267168629885,-2.04770157380881,
221,-36.36221385428133,0.260117327125664,34.859544927500494,-47.841894410905,-2.104642437043174,
222,-36.302799779268256,0.2723324801861041,36.6452996271936,-47.77179860074024,-2.1458875582798473,
223,-36.23788947845718,0.28354448891194395,38.228806632656806,-47.74352942394159,-2.179575911561857,
224,-36.17728286423539,0.294247330709202,39.74140661827705,-47.75187095388015,-2.210371850983849,
225,-36.10477376300939,0.3039018173391154,41.082648387484944,-47.775714914247295,-2.235975544658204,
226,-36.026158833311754,0.3120786792970788,42.21294204927815,-47.794756540921476,-2.2559237576984263,
227,-35.96635070960819,0.3191062640386247,43.25787314242667,-47.80256996001795,-2.2737659615571184,
228,-35.9309652937972,0.3252791105839935,44.27377887522894,-47.801924683274905,-2.2908689268668048,
229,-35.91658728476675,0.3308352806673245,45.285478184875274,-47.799188416144936,-2.3076632529365178,
230,-35.935099647740685,0.33624733157851733,46.41290630198739,-47.757034427917475,-2.326525055074225,
231,-35.97909357601859,0.34194962772507664,47.66009428213681,-47.655723768446904,-2.346895654038117,
232,-36.02927903137046,0.34806622180018326,48.990050395862006,-47.52794154057719,-2.367478709993317,
233,-36.07353706716023,0.3541719644111825,50.29940301416654,-47.402133735154024,-2.3859851000661014,
234,-36.09763960357128,0.3592458474900668,51.373182225478075,-47.2919992800503,-2.39883665069279,
235,-36.10400219884721,0.3637525021278403,52.32608829397106,-47.206026177488916,-2.4089605251590367,
236,-36.09417555532975,0.36779679584178454,53.18083747427134,-47.1382271923264,-2.417178197900377,
237,-36.0665164613973,0.37113587647460716,53.88942616786421,-47.08043146906476,-2.4231540108319853,
238,-36.03045747305961,0.3736572073836853,54.457930972085116,-47.02900801043123,-2.4274946517715033,
239,-35.992775790612086,0.3753977019609458,54.92713809539495,-46.98239448562606,-2.431273523493137,
240,-35.954554546350764,0.3763761008230797,55.37324432586853,-46.938443741381285,-2.4362816648338796,
241,-35.91958100550892,0.376606867966099,55.9501011653556,-46.89486456625526,-2.4457099011421253,
242,-35.88395657578702,0.3764344588163088,56.793726187566264,-46.85286518620636,-2.4614309162174797,
243,-35.84926249034321,0.3763599439654622,57.902314395071656,-46.8163315263672,-2.4816464101031124,
244,-35.83071735587549,0.3769770823141244,59.30143491982417,-46.790250612974255,-2.5045530155545115,
245,-35.8087584484275,0.3784396754821779,60.894724300117716,-46.774063222486866,-2.5272363695177544,
246,-35.780476502959296,0.38060784343685006,62.59474658303759,-46.76531434231048,-2.5476560537015343,
247,-35.74964374279981,0.3832779878295054,64.33881203235319,-46.761243916488944,-2.564689741550836,
248,-35.7288623274064,0.38626685666263094,66.1009142491317,-46.75899749315006,-2.5779859013848703,
249,-35.72371827359053,0.38951718283025516,67.88427600609556,-46.757446853092546,-2.5876000344396792,
250,-35.724464655482905,0.392989291281913,69.6736348435214,-46.75624562271301,-2.5935600029446704,
251,-35.725037023388076,0.39660572632111274,71.44925391198979,-46.754999754840355,-2.595983790805217,
252,-35.72520768741236,0.39995887730235885,73.11289662002117,-46.75453582297173,-2.5950812585599796,
253,-35.728112581931335,0.4028442764472235,74.61578512019105,-46.753493197707456,-2.591580857451199,
254,-35.73248184432892,0.4056848655882848,76.06785342508,-46.75042096872786,-2.5860780506867487,
255,-35.73706081155043,0.4086309553353449,77.51351901261071,-46.74618710318673,-2.5787335061105865,
256,-35.74158930507101,0.4117084871452979,78.96883342121926,-46.74166428066629,-2.569546739057296,
257,-35.746210161999095,0.4149016313032621,80.44004126100619,-46.73733121267812,-2.5584622552705274,
258,-35.75106798630618,0.41818978922599254,81.93160931897451,-46.73335986977199,-2.545397044965857,
259,-35.75620376540107,0.42155768579806696,83.44841953241436,-46.72977058561835,-2.5302439180072396,
260,-35.76158381349502,0.42499674080943123,84.99630096973962,-46.72652355948447,-2.5128671416481625,
261,-35.76710093852508,0.4285027560878126,86.58168943180691,-46.72356629343589,-2.4931000710522295,
262,-35.7726183338047,0.4320702233624642,88.21032962840991,-46.72089649258035,-2.470755667627345,
263,-35.77794262104241,0.435693968696231,89.88757746233674,-46.71850318246802,-2.4456267129419342,
264,-35.78300625407828,0.439357067325089,91.6149018059827,-46.71698479533223,-2.4175374895304946,
265,-35.78746665787472,0.44302443510155937,93.38645512546195,-46.716925529727774,-2.386424081558878,
266,-35.79064700254041,0.4466589596522961,95.19334495115304,-46.71809842348522,-2.352314735407969,
267,-35.792085146171736,0.4502247633678213,97.02551623565611,-46.720079791817504,-2.315317950015555,
268,-35.79168050789846,0.45368822693308813,98.8727796538918,-46.72250014298515,-2.2756093528378805,
269,-35.78961580612192,0.45700417529527476,100.72513788995455,-46.72510596618734,-2.233422458372057,
270,-35.78622520548907,0.46015515883339514,102.57300905953069,-46.72773514792068,-2.1890391257269837,
271,-35.78189867409255,0.4631301904466636,104.40687048127444,-46.73032080048691,-2.142790858068721,
272,-35.777067874486114,0.4659158372180142,106.21582580993714,-46.73295401214944,-2.0950814362046137,
273,-35.767417267053894,0.4685323929662734,107.98469763422072,-46.73559460651547,-2.0464414477179886,
274,-35.74744468171712,0.4710608317717517,109.72076440679625,-46.73780542332624,-1.996907963789876,
275,-35.74286894169943,0.47332709893869435,111.41440980532509,-46.74198877067631,-1.9469391011983408,
276,-35.74819793786647,0.47536002493979457,113.06129095256817,-46.74779955631666,-1.8968878718610027,
277,-35.75446726601567,0.47719086665462923,114.64547476591973,-46.75446336831731,-1.8474356134071108,
278,-35.75841143055836,0.47880654264555267,116.1423726405363,-46.761459972950846,-1.7995530698786573,
279,-35.75951759880973,0.48018286020915923,117.52543087626134,-46.768436580976996,-1.7543238619293728,
280,-35.760170347520464,0.48129030778903037,118.7704931542343,-46.77526129773726,-1.7128003390495499,
281,-35.767171096682596,0.48210199862040215,119.86760764858444,-46.78212086908488,-1.6756069988361302,
282,-35.770750541322506,0.48267636115345447,120.79678588577646,-46.788260542760426,-1.6436345602960578,
283,-35.7682182019709,0.4830276423975109,121.53689363715995,-46.79342211437453,-1.617800101192319,
284,-35.760989746905906,0.4831565655434641,122.0739813185456,-46.79760138654937,-1.5987664809242783,
285,-35.7512564629994,0.48307160900320245,122.40395314936625,-46.80081726519803,-1.5868283192834935,
286,-35.74079387981021,0.4827914010034012,122.53202711874461,-46.80296617359357,-1.5819098495078752,
287,-35.730729556497366,0.4823412093745437,122.47090909703608,-46.8038764197638,-1.583620089045795,
288,-35.72164553369743,0.4817495043851176,122.23874723036363,-46.803504435740166,-1.5913276416239683,
289,-35.71374331147628,0.4810447617374233,121.85723641298907,-46.80187717813207,-1.6042376376890783,
290,-35.715928250165646,0.4802492927014845,121.37761729828257,-46.7995925172377,-1.6205983162121544,
291,-35.721608890854014,0.4794358154497978,120.83386203497687,-46.79728716370711,-1.6391335241800316,
292,-35.72275244055654,0.47864364645096685,120.23254545525101,-46.79598777630091,-1.6594933628515967,
293,-35.718788535740416,0.477877965416949,119.5833949144687,-46.796466364767284,-1.6812866008054252,
294,-35.71146396029699,0.47713874683213026,118.89982317350952,-46.799281720131596,-1.7040298578917477,
295,-35.70266741831406,0.4764304989855048,118.19800153589006,-46.80473807887021,-1.7271674057544304,
296,-35.69374968656292,0.4757639440850396,117.49555639067697,-46.812980803811655,-1.7501126881484517,
297,-35.68545694063328,0.4751540869544869,116.810229612548,-46.82402198855686,-1.7722931882183586,
298,-35.678079748273944,0.474617421611216,116.15871598565893,-46.837760252216036,-1.793188456005683,
299,-35.671632237577455,0.4741691837800691,115.55578200926577,-46.85395711671121,-1.8123566452593443,
300,-35.665999039042624,0.47382116856726336,115.0137019089183,-46.87219685243011,-1.829448585726444,
301,-35.661037996806755,0.4735795033148318,114.54195545631606,-46.891757519373634,-1.8442117764632937,
302,-35.662683787829366,0.4747154568790596,114.04498006740562,-46.917112305366274,-1.8504909087574077,
303,-35.67739664855211,0.47812833965132695,113.34172002557104,-46.94946908048297,-1.8463237380979554,
304,-35.69855785294141,0.482103339602462,112.44542704005279,-46.987972986509526,-1.842946601134413,
305,-35.72130854419138,0.4857041170083137,111.37228647904014,-47.02920252490244,-1.8460348079860838,
306,-35.74242085056147,0.48857644217338697,110.13069644068429,-47.06961096837532,-1.8573315535325332,
307,-35.756283586034954,0.49065728643457235,108.73141588708212,-47.105657076299536,-1.8767121100273458,
308,-35.77294652885058,0.49184817715949725,107.17765492665293,-47.13657726074339,-1.9035349863684383,
309,-35.787437729000345,0.4922707494507892,105.49519939567081,-47.161854695998976,-1.9362984424797642,
310,-35.79798903028637,0.4920351701384804,103.71257513873897,-47.18301632753582,-1.9733535157495876,
311,-35.80467971378354,0.4912332369605673,101.85840406081117,-47.20361993689052,-2.013108477416575,
312,-35.80810889563767,0.4899441516999612,99.95826630217994,-47.2280239211733,-2.054176729097201,
313,-35.809246021928516,0.488236329225319,98.03040907309996,-47.26016700030782,-2.095474628852911,
314,-35.8087707097616,0.4861680620046295,96.08852261562765,-47.30248986177404,-2.1361570486416572,
315,-35.807018584315244,0.48371928353956267,94.1222287486261,-47.357111490632214,-2.1760066584227475,
316,-35.804516617954754,0.4808500117370605,92.11569403353457,-47.42305514246426,-2.2149293895321454,
317,-35.801719985246216,0.47753063198950135,90.05994524410248,-47.49714816482176,-2.2527069068782724,
318,-35.79875276401684,0.4737484596116274,87.95267705987632,-47.57594996623341,-2.2889986205068578,
319,-35.79541996886108,0.46951589691618373,85.7984597258623,-47.656394614256484,-2.323350284779747,
320,-35.79133042688203,0.46486961327587994,83.60988273741107,-47.73593505298918,-2.355216272161474,
321,-35.78617107807083,0.4598670492570553,81.40551740708638,-47.808591160727,-2.384031644060109,
322,-35.77966365416005,0.45459068258097673,79.20410867785473,-47.86974051401265,-2.40933382558099,
323,-35.77161147419228,0.44914064039869506,77.02788797417446,-47.91953660896471,-2.430771458891541,
324,-35.76270516145456,0.443633590816405,74.9053954523565,-47.959569684838556,-2.448134986802468,
325,-35.76236924989754,0.43833461814818075,72.92430708626783,-47.98647486515569,-2.461253227787768,
326,-35.77075756019106,0.4334815158272031,71.13606180998171,-48.004691197194475,-2.4702800148321544,
327,-35.783896748878284,0.42917662082619434,69.54501774861126,-48.01961426141483,-2.4757690859943997,
328,-35.800332193172935,0.4254797940175861,68.14535732597712,-48.03404802374968,-2.478356932837865,
329,-35.819707291773646,0.42242819028784734,66.91869209155037,-48.04972730122418,-2.4785596656712277,
330,-35.84217447453818,0.4200463293243811,65.83022440678715,-48.06818359300307,-2.476620801792197,
331,-35.86868210033156,0.41836170599295147,64.8233050671164,-48.09115608729685,-2.4723440282302214,
332,-35.890472601230215,0.41770354981595603,63.83137435856229,-48.12151362926868,-2.4648056461460914,
333,-35.87196442697624,0.41855335570630836,62.90654532611631,-48.15427635300445,-2.4548114775132803,
334,-35.85995289579964,0.4188002644618198,61.95770089344606,-48.17939792261804,-2.4448625940318554,
335,-35.861673881673134,0.4177363343767061,60.997637604005675,-48.192849474573165,-2.436611057712966,
336,-35.869792120484426,0.41561401075239096,60.072248959173514,-48.19577559656443,-2.430329534710084,
337,-35.877534468337416,0.4129188899277121,59.213496160007146,-48.19241598708442,-2.425561078725694,
338,-35.88294547044021,0.4101168250637979,58.43224942558303,-48.18897354866613,-2.421535736230839,
339,-35.88687419386685,0.4075506556599353,57.701792198332484,-48.191003903089246,-2.417092047993469,
340,-35.890860192717525,0.4053454453024846,56.96337933881506,-48.20119418526525,-2.4109555165828525,
341,-35.890167933092734,0.40321146616658016,56.122104235491946,-48.21930384370514,-2.401978961265615,
342,-35.887357530685435,0.40091330210915765,55.15444243597508,-48.24413620410598,-2.3902400908600825,
343,-35.88405923040723,0.3982583261927942,54.0888345345947,-48.27312536112934,-2.3766303983718045,
344,-35.88610294474451,0.3953944266989123,53.00652622689961,-48.30427379332009,-2.362483633523467,
345,-35.89193827001584,0.3922317705389032,51.905220186355784,-48.33640731987276,-2.3475974719471693,
346,-35.89407580138261,0.3885848171395254,50.80324029971285,-48.36735131338952,-2.332667499686183,
347,-35.89695156667724,0.3847820547433413,49.779289310752894,-48.396006211057575,-2.3189127792046897,
348,-35.89754591621448,0.38081715375595954,48.831790214998975,-48.421956174122585,-2.306257335687727,
349,-35.895887021515996,0.3768660952614003,48.01668656047756,-48.44305340353593,-2.2959080764643462,
350,-35.89016750513157,0.3730351809962234,47.35494374888716,-48.45843776283994,-2.288385465683611,
351,-35.881803835842526,0.36952798750700744,46.869839786906326,-48.46796083856853,-2.2841297979177746,
352,-35.87193280283947,0.36650333436304117,46.56293701552015,-48.4721924568875,-2.2830921470101706,
353,-35.860546741215806,0.364031750002739,46.41337083150638,-48.47210013903074,-2.2847407350607902,
354,-35.849569711201255,0.36219165889056415,46.40967505093421,-48.468587802106114,-2.2887481862674504,
355,-35.84171116866495,0.3610595442599471,46.54882610892735,-48.462250192674034,-2.2949697959805477,
356,-35.83600089006735,0.36056602163677515,46.799969427764054,-48.453857847080506,-2.302686479468012,
357,-35.83355972325035,0.3607088627569211,47.156952806449034,-48.443722062899944,-2.311735340793603,
358,-35.83396361986268,0.3614208909446785,47.6021481498954,-48.43222752194697,-2.3217159448502827,
359,-35.83648197599825,0.36261357285865947,48.11618942399223,-48.419617277869804,-2.332212151230577,
360,-35.84030904984235,0.3641903800440185,48.680119932705836,-48.40590977117899,-2.3428467354625684,
361,-35.84460295823045,0.36604825537544994,49.27422339808121,-48.39051143476452,-2.353264702117711,
362,-35.848766953814525,0.3680906776583953,49.87992343669084,-48.37226917947739,-2.3631731503860225,
363,-35.85261887053544,0.3702548010697919,50.48628265683174,-48.35130085456634,-2.372458334066491,
364,-35.85536740138871,0.37248803286294224,51.08258212508512,-48.3309568440121,-2.381020364935743,
365,-35.856808626117264,0.3748699668352361,51.68243895189316,-48.315883864663896,-2.389179486893685,
366,-35.85630004169772,0.3775279779951165,52.30346253859936,-48.30904957880558,-2.397250977994771,
367,-35.85343651261583,0.3805007339627829,52.95085350750123,-48.311736579156864,-2.405276034171971,
368,-35.84864678012687,0.38369582628761395,53.61527559826704,-48.32455059548477,-2.4130545870886864,
369,-35.843402620993615,0.3869960248537468,54.2878134835337,-48.34719138034368,-2.4204286431249287,
370,-35.83907857509448,0.3903095512934719,54.96718897472801,-48.37814753827277,-2.4273929405684855,
371,-35.8360450660329,0.39351080009561495,55.66279925902041,-48.38332321279342,-2.4340703964465615,
372,-35.83517025893881,0.3965266303865764,56.33654877659921,-48.33492697361574,-2.439932616106216,
373,-35.8359508044764,0.39929061147234535,56.96406653835123,-48.25735107120923,-2.44480058074326,
374,-35.84716467436916,0.4017995052775751,57.57004025258846,-48.17487184769522,-2.4491002819174663,
375,-35.86447345837962,0.4039030021398697,58.10496691537745,-48.10211542860357,-2.4523453869523055,
376,-35.87803632055881,0.40555151382598864,58.53880082227214,-48.043440931054015,-2.454440812713952,
377,-35.88157497352012,0.4069852758117707,58.9125456504648,-47.99890812394719,-2.4560894321759146,
378,-35.863149938016505,0.40867301434172354,59.2953139310547,-47.96947870325166,-2.4579994798670004,
379,-35.8347659499409,0.41022390436417555,59.62397860876175,-47.94806468720525,-2.459413018660388,
380,-35.80259600189735,0.4114606476046797,59.875586634534386,-47.93119518404946,-2.4602285575877065,
381,-35.76994914473138,0.4123636662159033,60.05256819564969,-47.91751284101935,-2.460586713852784,
382,-35.739740799106606,0.41295293794509835,60.1637126511533,-47.90645044753863,-2.4606281423061214,
383,-35.71404825082966,0.41327171622651104,60.22138323568273,-47.89766447983263,-2.4604765056533364,
384,-35.694038600612295,0.4133751064250806,60.239251980189124,-47.890858817751344,-2.460230869410016,
385,-35.679977143169815,0.4133239703591708,60.2309653643314,-47.88572403128396,-2.459968177671072,
386,-35.671351640961674,0.4131788267670607,60.20893868779867,-47.88191120532884,-2.459744004460809,
387,-35.66715184641345,0.41299028986412817,60.18267700165021,-47.8790504353471,-2.4595867414488763,
388,-35.66616164438699,0.4127932086271271,60.15795412990259,-47.87679602007554,-2.459498704490532,
389,-35.66718139762156,0.41260747060894626,60.13730050634301,-47.87487262396077,-2.459465943277929,
390,-35.66917499477492,0.4124425123597551,60.12115104777738,-47.87310192582529,-2.459469511354062,
391,-35.67134551922722,0.4123020740545291,60.108969037450265,-47.87140206003692,-2.4594931743879767,
392,-35.673155243696904,0.41218741215912874,60.1000129373927,-47.869764192446674,-2.4595265301199616,
393,-35.6813236582762,0.41207110583687623,60.10341453987211,-47.86986358078338,-2.45965552321162,
394,-35.6981189274531,0.41205505185485714,60.145098943004044,-47.87307308980458,-2.46008045119432,
395,-35.71028335894778,0.41227829460291676,60.22636891194005,-47.876556334507846,-2.460756258022723,
396,-35.713831810969445,0.41271261112597346,60.335006320785894,-47.87898984422929,-2.461538608251612,
397,-35.71031949043083,0.41324428798230056,60.451554754800114,-47.87997224395525,-2.4622614583012568,
398,-35.70311871506085,0.4137763066878289,60.5627818912326,-47.87956559310732,-2.4628513685353726,
399,-35.69494225488049,0.414251931997703,60.661665288880094,-47.87806590774332,-2.463295831128864,
400,-35.68497749318945,0.4146676095143198,60.74473262842308,-47.87519442248309,-2.4636062368331775,
401,-35.66995472929334,0.41505708866394947,60.814865487770426,-47.870357393043676,-2.463846110932648,
402,-35.66244869925979,0.41526067427180074,60.87393673647616,-47.8935292215993,-2.4640194380811566,
403,-35.666921850294024,0.4150896313007268,60.91222616957418,-47.96755858661405,-2.4640325969258248,
404,-35.680931305083384,0.41457158373214004,60.92234881082292,-48.05507740184412,-2.4638511759487964,
405,-35.70027746492865,0.413853230762009,60.91289965583345,-48.13227907141241,-2.463586286216067,
406,-35.722197913101176,0.4130470661794754,60.88885176185137,-48.18918195117605,-2.4632844146922017,
407,-35.744272695334665,0.41224039657628875,60.85559715623108,-48.22617997419259,-2.4629854159707487,
408,-35.76382899582969,0.4115157869107869,60.8227564472373,-48.24701076313651,-2.4627576682501826,
409,-35.78108806211891,0.4109095905827168,60.797994781380105,-48.255866964957015,-2.4626311647186174,
410,-35.79674198047298,0.4104213625482272,60.78351267333913,-48.25637221440035,-2.462592968738095,
411,-35.81128984788115,0.4100431489700432,60.780530316153246,-48.2514167319972,-2.4626320530752754,
412,-35.8248543070485,0.4097682772535527,60.78980275644683,-48.24329460182545,-2.4627405046428867,
413,-35.836887365619305,0.40959632605863905,60.811464039660315,-48.23396537865925,-2.4629087123251003,
414,-35.84675570395066,0.4095117707062908,60.842193673604434,-48.22445728511303,-2.463102938405343,
415,-35.854368613635074,0.4095020003479414,60.88059648372823,-48.2152146389296,-2.463317680900568,
416,-35.85960725307771,0.40953201578151255,60.91957053934229,-48.20647755778891,-2.4634967318244456,
417,-35.862533053228205,0.4095668962037438,60.95248632904825,-48.19838789736128,-2.4636055072952647,
418,-35.86349035522751,0.4095848927604737,60.97559400587017,-48.19102900420932,-2.463636335022546,
419,-35.86287725919101,0.4095731398784604,60.986765232070105,-48.18451344577107,-2.4635904174066234,
420,-35.86108316133381,0.4095238839933193,60.984912535144915,-48.17895155798435,-2.463472943871457,
421,-35.85847721166479,0.4094326223160173,60.969595629816745,-48.17435085111226,-2.463289863910275,
422,-35.85536578324164,0.40929757309378706,60.940757682721745,-48.17066515116234,-2.463046086576138,
423,-35.851997647772,0.4091196444867081,60.89877880926488,-48.16791413981909,-2.462746628727202,
424,-35.84855414077023,0.40890159711796736,60.84440797671631,-48.16619477287914,-2.4623976390640614,
425,-35.845179594912416,0.4086482509795292,60.77879421141473,-48.165680000139474,-2.4620070751713565,
426,-35.841985725369554,0.4083667815105488,60.703550365372955,-48.1667530317729,-2.461585246713445,
427,-35.83865796529391,0.40805515222508376,60.61746819432574,-48.170134194400376,-2.461114164440725,
428,-35.835997712223204,0.4077399088375135,60.528034107685535,-48.17679079757198,-2.4606633588385525,
429,-35.83389720922141,0.40743610807455133,60.437868601502515,-48.18806878748406,-2.460230251792953,
430,-35.832154409415836,0.40714859721926583,60.34833660987462,-48.20536641480727,-2.4598183957285347,
431,-35.8307815110983,0.40688927397436986,60.26245122006208,-48.22973747428482,-2.4594414803535978,
432,-35.83001542012926,0.4066730572812911,60.18645926380339,-48.26172637535684,-2.4591502671668306,
433,-35.82981185507504,0.4065031404000298,60.14562217434159,-48.27861605667428,-2.4591503261473564,
434,-35.83048950813405,0.40635799130495837,60.115880285165545,-48.25315615081534,-2.459146462734587,
435,-35.832039682957344,0.4062114049041131,60.080881977751794,-48.20292703837307,-2.4590286792937293,
436,-35.83442446419652,0.40605298506903104,60.03927106410101,-48.147847163456944,-2.4588335314673335,
437,-35.83762883438146,0.40588859864111737,59.995482946387035,-48.098969052332336,-2.4586242208603832,
438,-35.84168006357066,0.40573499184480405,59.95585680458608,-48.06108775124188,-2.458458886335262,
439,-35.84679903097014,0.4056125711934913,59.92701819789539,-48.03614661011002,-2.45838521262386,
440,-35.85315222062339,0.40554528830416864,59.915445431898995,-48.02362382382493,-2.458441546528543,
441,-35.859807737720175,0.405556632449112,59.92454447194826,-48.022026260770744,-2.458636935975757,
442,-35.86434321826286,0.4056888079685059,59.956837118553935,-48.03056241506752,-2.4589728931418535,
443,-35.86614737847593,0.40588483285577603,59.99929664307769,-48.04446075138557,-2.45931684652361,
444,-35.86566199384289,0.40609182864501564,60.0418286736375,-48.06019912208208,-2.459601568923819,
445,-35.863494256684156,0.40627745269729315,60.07824543150511,-48.07598393440221,-2.459802695822067,
446,-35.860257674050764,0.40642454818522994,60.105356277155586,-48.09084914699261,-2.459919236163272,
447,-35.856483161493095,0.40652873621028723,60.122565078777,-48.10399080372965,-2.4599658398560895,
448,-35.852614821377394,0.40659332558538114,60.13087314012342,-48.114753330668904,-2.459962287577386,
449,-35.84899087378816,0.40662624901242617,60.132289320177335,-48.12283219237187,-2.459929681479205,
450,-35.845839495997204,0.40663820526784517,60.1294053890139,-48.128037765151376,-2.4598883931505133,
451,-35.843293510599565,0.4066409813379648,60.1249881031786,-48.130174898231466,-2.459856194243149,
452,-35.84141062912396,0.4066458074210516,60.1216316560465,-48.12917683272224,-2.4598469168284076,
453,-35.84017555627139,0.4066630255352387,60.121663243562345,-48.125175674769274,-2.4598713003068458,
454,-35.83948958335725,0.40670068263342873,60.12669529171542,-48.118482451720894,-2.4599335408915475,
455,-35.839139646722096,0.4067629770919961,60.13706488409058,-48.10943969912979,-2.4600282647967755,
456,-35.8388291763817,0.4068541583291316,60.15252092977793,-48.09811053380089,-2.4601488070765942,
457,-35.83815988000168,0.4069838130300175,60.172919275164986,-48.084409638781814,-2.460292696320484,
458,-35.83656565594655,0.40717777052649345,60.19954445059823,-48.06825404987621,-2.460472748080288,
459,-35.83346141221215,0.4074925132292255,60.237927876307275,-48.04968819659965,-2.4607381104363535,
460,-35.82857105830498,0.40799480378752234,60.29693743871042,-48.02906250488001,-2.461154711843747,
461,-35.82220167916657,0.4087069974909536,60.38262571257842,-48.00716173294321,-2.461746119762164,
462,-35.81523491707567,0.409601480927271,60.4973012930373,-47.98498676726843,-2.462499289454547,
463,-35.80833396493894,0.4106128354209262,60.63568891526508,-47.96347531098383,-2.4633367651741396,
464,-35.80190659333708,0.41167117914226703,60.78995081623304,-47.94329250770693,-2.4641843733844233,
465,-35.79618802714133,0.41272451607692157,60.953451001223634,-47.924812034269856,-2.4649965222968673,
466,-35.7912177861128,0.41373749936686566,61.12047498242386,-47.90818802264027,-2.465744711146657,
467,-35.7869019985943,0.4146876711936202,61.28617016085637,-47.89342830351517,-2.4664125847511857,
468,-35.783075218477336,0.41556196584595445,61.44652715369031,-47.88045525726293,-2.466992795841386,
469,-35.77955087352711,0.41635371050392045,61.59832868853436,-47.869149391890616,-2.4674843572856933,
470,-35.7761564109119,0.4170603103533441,61.73906575778809,-47.859375443849615,-2.4678903932024663,
471,-35.77275963506085,0.41768173421232035,61.866872548275424,-47.85099585769348,-2.4682166253564164,
472,-35.76926464698611,0.4182196349657813,61.98043338238223,-47.843878835979226,-2.4684700259999683,
473,-35.765608784601824,0.4186767827018532,62.078907567736756,-47.837901079068544,-2.468658012040786,
474,-35.76175785590523,0.41905663143950345,62.16185357130211,-47.83294743543556,-2.4687878360638007,
475,-35.75770643095566,0.41936306957140385,62.22917566319215,-47.82891104756194,-2.4688663199600573,
476,-35.753473675609214,0.41960036091206243,62.28108979530904,-47.82569298514179,-2.4688998031437843,
477,-35.74909727461193,0.41977316296567324,62.31809789899153,-47.82320148512479,-2.468894177689748,
478,-35.74462696272703,0.4198865494125296,62.3409612279377,-47.821350949086906,-2.4688549307472174,
479,-35.74011923134542,0.4199459949755255,62.35067105844223,-47.82006124801681,-2.4687871941628363,
480,-35.73563454369372,0.41995740027406575,62.3484336742653,-47.81925719426738,-2.4686959442695464,
481,-35.731250564260485,0.41992793437061793,62.33587435059241,-47.81886613943222,-2.4685878081486026,
482,-35.727044857715754,0.419865314577828,62.31480722901933,-47.818822251181444,-2.468468789946263,
483,-35.723067086589296,0.4197761066902388,62.28681874314485,-47.819062362864116,-2.468342185469783,
484,-35.71934857592273,0.4196659792675441,62.25334312123026,-47.819521841726306,-2.4682103507916864,
485,-35.71591094528121,0.41954003954641855,62.21572025640647,-47.82013700040958,-2.4680754939021172,
486,-35.71276987757856,0.4194029924695117,62.17521043982861,-47.82084864148945,-2.4679398497526894,
487,-35.70993385747386,0.41925916872041474,62.13298010274946,-47.82160621454867,-2.467805587852528,
488,-35.707402032137665,0.4191125147706911,62.090085395963804,-47.82237035937648,-2.467674738948257,
489,-35.70516788935583,0.4189666163104521,62.047481880495596,-47.82311073822709,-2.4675492967400854,
490,-35.703220952593064,0.4188246135969798,62.00600778967952,-47.82380362141911,-2.467431036919816,
491,-35.70154638569832,0.41868903991899487,61.96634837814323,-47.82442953269327,-2.467321247864924,
492,-35.700126624777084,0.4185617870394491,61.9290309615148,-47.82497249534512,-2.46722074647861,
493,-35.698942615274106,0.4184441383324518,61.89443079062124,-47.82541979694465,-2.4671299262507596,
494,-35.697974196227456,0.4183368172192618,61.86277914795098,-47.825761904696726,-2.4670487958223126,
495,-35.69720173499348,0.41824013286625916,61.83419644685008,-47.825993526636864,-2.4669771855957427,
496,-35.69660731174828,0.4181541384777909,61.8087281020494,-47.82611436634582,-2.466914905510862,
497,-35.69617465744181,0.4180787402202685,61.78636927282437,-47.82612888908158,-2.466861789146252,
498,-35.695888535661254,0.4180137524437153,61.76707867608931,-47.826045314838915,-2.4668176717506727,
499,-35.695733565722996,0.4179589040017867,61.750782317083505,-47.82587421800812,-2.46678232966927,
